media_id,user_id,media_liked,comment_left,api_request_time
2598630587677912142_19382965649,19382965649,True,hey I just started my new profile! I will be posting a nice picture and inspirational quote everyday like this: If only wed stop trying to be happy wed have a pretty good time. I would love if you checked my page out!,1640249615.4979448
2548245083346517251_43022528336,43022528336,True,"hello I just started my new account! I plan to be posting a nice picture and inspirational quote everyday like this: Good thoughts are no better than good dreams, unless they be executed. I would love if you checked my page out!",1640249726.448179
2578474465173515668_4859643607,4859643607,True,hello I just started my new account! I am going to be posting a nice picture and inspirational quote everyday like this: Love at first sight is easy to understand; its when two people have been looking at each other for a lifetime that it becomes a miracle. I would love if you checked my page out!,1640249948.015069
2733327161265687407_3079269626,3079269626,True,hi I just started my new profile! I plan to be posting a nice picture and inspirational quote everyday like this: Those who cannot learn from history are doomed to repeat it. I would love if you checked my page out!,1640250073.32181
2730235716829273349_15121874247,15121874247,True,hello I just started a new account! I will be posting a nice picture and inspirational quote everyday like this: Let us be grateful to people who make us happy; they are the charming gardeners who make our souls blossom. I would love if you checked my page out!,1640250215.44886
2431401712428108003_2208317050,2208317050,True,"hi I just started my new profile! I am going to be posting a nice picture and inspirational quote everyday like this: It is not only for what we do that we are held responsible, but also for what we do not do. I would love if you checked my page out!",1640250323.03222
2732532421053851405_6577771650,6577771650,True,"hello I just started my new instagram! I will be posting a nice picture and inspirational quote everyday like this: Blessed is the man who expects nothing, for he shall never be disappointed. I would love if you checked my page out!",1640250421.666441
2586185103365864270_426812071,426812071,True,hello I just started my new instagram! I plan to be posting a nice picture and inspirational quote everyday like this: Be yourself; everyone else is already taken. I would love if you checked my page out!,1640250533.250108
2729680194300838318_4192700468,4192700468,True,"hello I just started my new instagram! I will be posting a nice picture and inspirational quote everyday like this: God has given you one face, and you make yourself another. I would love if you checked my page out!",1640250619.4729366
2729904592089980655_8150292822,8150292822,True,hello I just started my new account! I will be posting a nice picture and inspirational quote everyday like this: There are things so deep and complex that only intuition can reach it in our stage of development as human beings. I would love if you checked my page out!,1640288917.3261724
2734930845221770049_33690427604,33690427604,True,hi I just started a new profile! I am going to be posting a nice picture and inspirational quote everyday like this: This is the final test of a gentleman: his respect for those who can be of no possible value to him. I would love if you checked my page out!,1640289723.7005038
2066856183980972305_6914009097,6914009097,True,hello I just started a new account! I plan to be posting a nice picture and inspirational quote everyday like this: Don't turn away from possible futures before you're certain you don't have anything to learn from them. I would love if you checked my page out!,1640290489.226827
2717984620773972223_38494430953,38494430953,True,hi I just started a new account! I plan to be posting a nice picture and inspirational quote everyday like this: The shortest answer is doing. I would love if you checked my page out!,1640291231.7878988
2709806186995207729_11914347224,11914347224,True,"hello I just started a new profile! I will be posting a nice picture and inspirational quote everyday like this: Life is not measured by the breaths you take, but by its breathtaking moments. I would love if you checked my page out!",1640291988.0401542
2719268961706052527_45692975354,45692975354,True,"hi I just started a new profile! I will be posting a nice picture and inspirational quote everyday like this: Either I will find a way, or I will make one. I would love if you checked my page out!",1640292648.6412618
2727904475295623595_40378401418,40378401418,True,"hey I just started a new profile! I am going to be posting a nice picture and inspirational quote everyday like this: Your vision will become clear only when you can look into your own heart. Who looks outside, dreams; who looks inside, awakes. I would love if you checked my page out!",1640293409.513406
2720638958016335561_7748448178,7748448178,True,,1640302980.643574
2723159457433803076_5467992460,5467992460,True,"hello I just started a new profile! I will be posting a nice picture and inspirational quote everyday like this: ""My reputation grows with every failure."" I would love if you checked my page out!",1640303060.691602
2726969588472000917_7364731440,7364731440,True,"hey I just started my new account! I am going to be posting a nice picture and inspirational quote everyday like this: ""Fortune befriends the bold."" I would love if you checked my page out!",1640303191.633895
2735086737702920499_36259837192,36259837192,True,"hi I just started a new profile! I am going to be posting a nice picture and inspirational quote everyday like this: ""Nothing could be worse than the fear that one had given up too soon, and left one unexpended effort that might have saved the world."" I would love if you checked my page out!",1640303299.275116
2732193976851333011_287084978,287084978,True,"hey I just started a new account! I plan to be posting a nice picture and inspirational quote everyday like this: ""The trick is in what one emphasizes. We either make ourselves miserable, or we make ourselves happy. The amount of work is the same."" I would love if you checked my page out!",1640303431.436125
1893626505624766204_6066798119,6066798119,True,"hi I just started a new instagram! I plan to be posting a nice picture and inspirational quote everyday like this: ""You need chaos in your soul to give birth to a dancing star."" I would love if you checked my page out!",1640303539.313733
